"Date","^GSPC","NVDA","AAPL","MSFT","AVGO","AMD","NOW","GOOG","META","NFLX","VZ","DIS","T","V","JPM","MS","GS","BAC","SCHW","AMZN","TSLA","MCD","SBUX","HD","EBAY","LLY","NVO","UNH","JNJ","AMGN","PFE"
2017-02-01,0.0371982605414087,-0.0706319702602231,0.133595988538682,-0.00431778929188253,0.0570317563188594,0.394406943105111,-0.0408388520971303,0.033172955178526,0.0400185772892641,0.00995024875621886,0.0126495726495728,-0.00506131983648039,-0.00916870415647908,0.0652623416903595,0.0707024730693369,0.0749768589941378,0.0845347661860936,0.0903119868637112,-0.0183712640526461,0.0262326937090114,-0.00773809523809521,0.0490647040785035,0.0344597598932861,0.0532148745191425,0.0649857954545454,0.0822289156626506,-0.023448275862069,0.0201976484166486,0.0862444164471423,0.134437367303609,0.0865284974093263
2017-03-01,-0.000389230170415145,0.0720000000000001,0.0486571879936808,0.0294882914137033,0.0429184549356225,0.00622406639004147,0.00632911392405067,0.00784313725490193,0.0480053587377194,0.0401125967628431,-0.0175557056043214,0.0299354333789865,-0.00555212831585439,0.0105544098022563,-0.0306079070426526,-0.0619977037887487,-0.0739232806828216,-0.0416666666666667,0.0100558659217878,0.0492307692307692,0.112777444511098,0.0153951086426971,0.0266494734579841,0.0194799547786766,-0.0100033344448148,0.0157250208739215,-0.00988700564971756,-0.00459591317259422,0.0191902150991141,-0.0705944003593353,0.0023843586075345
2017-04-01,0.00909121690255299,-0.041044776119403,0,0.0394271272114575,0.00823045267489686,-0.0859106529209622,0.0806174957118353,0.0919260700389106,0.057737376606775,0.0297699594046008,-0.0470790378006873,0.0194718844984803,-0.0310173697270473,0.0264105642256902,-0.00394679140476528,0.016829865361077,-0.0257428889242014,-0.0104766893661603,-0.0481194690265485,0.0433115271824949,0.128840970350404,0.0796468669033683,0.0286790872932803,0.063123773778043,-0.00471539238800944,-0.0243869023153857,0.128388017118402,0.0662736184117063,-0.00869025450031036,-0.00459122029802661,-0.0080875356803044
2017-05-01,0.0115762100494927,0.385214007782101,0.067791503464899,0.0259361322742746,0.0845481049562684,-0.158646616541353,0.107407407407407,0.0650334075723831,0.00805693567879673,0.07161629434954,0.0158672917417959,-0.0662442933010342,-0.0275288092189501,0.0458479532163742,-0.055620780745524,-0.0376166114956363,-0.0529005599956506,-0.0365272631021706,-0.000581057524695061,0.0752432432432433,0.0854823304680037,0.0783041507421562,0.0634920634920635,-0.0109123004092112,0.0267343485617597,-0.0241539109675607,0.0954487989886219,0.00173206315368724,0.0456063452306408,-0.0425635216054379,-0.0282973621103118
2017-06-01,0.00481383199270247,0,-0.0572799097065463,-0.0129562332121979,-0.0225806451612904,0.115281501340483,0.0129001433349258,-0.0581346716854872,-0.00313041161582517,-0.0839975475168607,-0.0425985090521833,-0.0156655358211933,-0.0210664911125741,-0.0152091254752852,0.112509712509713,0.0675422138836772,0.0504018369690011,0.0824175824175823,0.108720930232558,-0.0267444198672833,0.060712714474263,0.0214309264754369,-0.0834290088021431,-0.000730104648332786,0.0181278839815426,0.0343934379047346,0.0121177149451819,0.0628449823768038,0.0315400738596665,0.109448951994591,0.0286278381046396
2017-07-01,0.0193487688835154,0.126404494382022,0.0329242741694105,0.0545862013766607,0.0583058305830582,0.0905448717948718,0.0419811320754717,0.0239786856127886,0.120999532304403,0.21619812583668,0.0982573229514276,0.0423720223010642,0.0517821116341628,0.0616625028389732,0.00991758625506356,0.0582893966022262,0.0154661711662478,-0.0055837563451776,-0.00131095962244354,0.0204545454545455,-0.10576524263791,0.012911555842479,-0.0741127348643006,-0.0247605130703037,0.0229847847199742,0.00431274346132438,-0.0114025085518814,0.0344762858215493,0.00319303338171273,0.0132551230288716,-0.0124760076775433
2017-08-01,0.000546492328866943,0.0423940149625934,0.106925528832223,0.0340012143290833,0.0218295218295219,-0.0448199853049228,0.0520597555454956,0.00954032957502182,0.016032900226487,-0.0385250412768301,-0.00911546252532069,-0.0794515219293981,-0.0396419437340154,0.041394801583057,-0.00995850622406635,-0.0298920564627735,-0.00371347074969053,-0.00459418070444106,-0.068259385665529,-0.00728892488357968,0.100649350649351,0.037284894837476,0.0207440811724915,0.00774161325231004,0.0113924050632912,-0.0102507272475412,0.13437139561707,0.0369563902498034,0.00376157407407396,0.0254868055033457,0.032555879494655
2017-09-01,0.0193028948273422,0.0550239234449761,-0.0602094240837697,-0.00366999412800939,-0.0335707019328586,-0.0192307692307693,0.0116179001721173,0.0210481099656357,-0.00639408693611776,0.038351459645106,0.0316865417376491,-0.0259877456158883,0.0459387483355527,0.0166392769104355,0.0508521933500978,0.0587731811697576,0.0601231633535004,0.0605128205128205,0.0960834037757115,-0.0195798490719967,-0.0417193426042984,-0.0205837173579109,-0.0209851999116413,0.0912770527011399,0.0644555694618274,0.0522043386983906,0.0111845449923742,-0.0116075594960336,-0.0178725857595848,0.0489002932551319,0.0527058823529412
2017-10-01,0.022188174774546,0.156462585034014,0.0966573816155989,0.116546338588478,0.0878947368421052,-0.138039215686275,0.074861760952786,0.0599495161968868,0.0537843901287047,0.0826901874310915,-0.0211360634081903,-0.00770065075921922,-0.12667091024825,0.0450596080016163,0.0595586280244615,0.0428455941794665,0.0223184713375797,0.0812379110251451,0.0251928020565553,0.149573538589557,-0.0281442392260333,0.0652446675031368,0.0212093862815883,0.013625009461812,-0.0214579659024104,-0.0420324554402768,0.0341880341880341,0.0733549719681323,0.0723021230799334,-0.0602502271615294,-0.0178810907465357
2017-11-01,0.0280826013684055,-0.0274509803921568,0.0203200406400814,0.0170229612034836,0.0532172230285437,-0.00909918107370333,-0.0265136525524337,0.00456439769795591,-0.0159672810801726,-0.0448065173116089,0.0630904183535763,0.0717018253361024,0.0809037900874634,0.0255220417633411,0.0388958594730238,0.0322997416020672,0.0244729103324528,0.0326475849731664,0.0900200601805414,0.0647846543612016,-0.0683257918552037,0.0365135453474676,0.0598762704374725,0.0901351654096034,-0.0787023130069089,0.0394334906970286,0.0398638794360719,0.0890697162964593,0.00556569343065694,0.00937151357381949,0.0436959490213928
2017-12-01,0.0098316198188535,-0.0362903225806451,-0.0151854617874035,0.0162190216686129,-0.069361506660542,-0.0560146923783289,0.0601626016260162,0.0244962465428684,-0.00409929401047593,0.0234541577825158,0.0403046651856553,0.0338602753697095,0.0687795010114631,0.0127262443438916,0.0231884057971015,0.0167709637046307,0.0287535272939574,0.0480727587700303,0.052910052910053,-0.00628823929299804,0.00825643516270036,0.000852272727272618,-0.00687929956222633,0.0540484997944926,0.0883599608738181,-0.00213732300293878,0.0364656381486677,-0.0337742326332796,0.00281281190454585,-0.0100213690958663,-0.00130832969908423
2018-01-01,0.0561787246457037,0.269874476987448,-0.0106167846309404,0.110827374872319,-0.0345508390918067,0.336575875486381,0.14148773006135,0.118202853837254,0.0591127372513149,0.4078125,0.032946918852959,0.0108513366873828,-0.0195583596214511,0.0895466815600856,0.0872285174693106,0.0824716888232397,0.0515488295105226,0.0838842975206613,0.0384531352414246,0.240636223704464,0.13776493256262,-0.00567697984672144,-0.010705289672544,0.0599857022161565,0.0751947273816655,-0.0356091030789826,0.0342805593143887,0.0739850566905274,-0.0109482446615996,0.0698176404912541,0.0227074235807863
2018-02-01,-0.0389473796041518,-0.014827018121911,0.0682166581502299,-0.0085057471264367,-0.00664621676891608,-0.11863173216885,0.0816257977830031,-0.0558717020175893,-0.0458274856957788,0.078061413244543,-0.116952155936208,-0.0507465599687714,-0.0308880308880308,-0.00871422469030325,-0.00151992183259142,-0.00955196725039809,-0.0157409489543513,0.00304994281357218,-0.00420786871449619,0.0424593327819134,-0.0317527519051651,-0.0725092777619183,0.0106089539571399,-0.0927651747394237,0.0562830872109221,-0.0473348139922267,-0.072394243349324,-0.0448552663585502,-0.0541578995517337,-0.00473109302163766,-0.0106746370623398
2018-03-01,-0.0268845137683643,-0.0434782608695653,-0.0581200669696245,-0.0266635752376537,-0.0298507462686566,-0.170107349298101,0.0276397515527951,-0.0659360730593607,-0.10392034847542,0.0133836650652024,0.0016722408026757,-0.0263184949110723,-0.0179282868525897,-0.0269757821253124,-0.0478416875067957,-0.036739380022962,-0.0421293123143706,-0.0619536297985557,-0.0150010564124234,-0.0429780481354139,-0.224311324879755,-0.00861803631886737,0.0138568129330254,-0.0164898290193958,-0.0611975731996833,0.00451697508378257,-0.0300893276915845,-0.0506290429379108,-0.0132507979495116,-0.0723523243621113,-0.0224428139835996
2018-04-01,0.00271880100118538,-0.027972027972028,-0.0149822244794313,0.0246545974273464,-0.0265251989389921,0.0825870646766169,0.00423088546388617,-0.0140789988267501,0.0763888888888888,0.0582458516762614,0.0450751252086812,-0.00116144018583042,-0.0655848546315076,0.0606731620903453,-0.00582391229873236,-0.0386174016686532,-0.0537136860182226,-0.00243111831442455,0.0662805662805663,0.0820782092027084,0.104284103720406,0.070707854703508,-0.00559121971422649,0.0367621796193225,-0.0584433829727453,0.0478677110530896,-0.0470189045079981,0.104672997478406,-0.0130366594785336,0.0234363225320273,0.0313465783664459
2018-05-01,0.0216083533165914,0.122302158273381,0.135086362464553,0.0614901778449377,0.0991825613079018,0.261948529411765,0.0689136322600061,0.0666402221340738,0.115014662756598,0.12512,-0.034185303514377,-0.00856236786469333,-0.0115774240231549,0.0318997912317327,-0.0161957270847691,-0.0287627076617901,-0.0488985229621416,-0.0255889520714867,0.000603500301750159,0.0404801430213255,-0.031138335885656,-0.0443638999637548,-0.0104123281965848,0.0151113467656416,-0.00417785735601317,0.056201550387597,0.0127161749745677,0.0216124332200096,-0.0472738107061277,0.0374051984389956,-0.00898972602739734
2018-06-01,0.00484240020404614,-0.0608974358974359,-0.00953895071542132,-0.00229960578186594,-0.0247892910262767,0.0917698470502548,-0.0289977477477478,0.02807735217553,0.0132554836673504,0.113196814562002,0.0555739331789613,0.0537370721825354,-0.00658857979502192,0.0132718297321357,-0.0262697022767076,-0.0546336482001532,-0.0234801505273757,-0.0291788245102126,-0.0812223562525131,0.0430780559646537,0.204425711275026,-0.0144883562163394,-0.138047138047138,0.0458344215199791,-0.0389571471381479,0.00340760157273934,-0.0296333500753391,0.0194913239838364,0.0143854894193682,0.0276811697068635,0.00993520518358526
2018-07-01,0.0360215864654188,0.0324232081911262,0.0282045402430635,0.0757326308857427,-0.0859176410777834,0.222815210140093,0.0202957378950419,0.0911557243624526,-0.111872501687172,-0.137966274910577,0.0382325289877783,0.0921784883132652,0.0162122328666174,0.0323456592923888,0.109112709832134,0.0729138536321901,0.0764220581849759,0.0953198797767283,-0.000875273522976117,0.0456524296976115,-0.130358705161855,0.00538793103448287,0.072509765625,0.0124235235360219,-0.0773308387901466,0.157915360501568,0.079192546583851,0.0320820704126836,0.0921796321035864,0.0647834795220663,0.100513259195894
2018-08-01,0.0302632186316041,0.147107438016529,0.200267618198037,0.0630547903275176,-0.0122358175750834,0.37315875613748,0.115942028985507,0.000828775070445875,0.0182370820668691,0.0898043864848845,0.0528222155146394,-0.0136186770428015,-0.00072516316171134,0.0758935478879776,-0.00324324324324321,-0.0342310596526554,0.00494150867285215,0.00156801254410022,-0.00262812089356101,0.132440643636773,0.0115694164989939,0.0362119124177001,0.0273161848395176,0.0216439538755628,0.0344711051030753,0.0751269035532995,-0.00239808153477217,0.0601816292414041,0.0231464057207376,0.0235454368554195,0.0485814224640497
2018-09-01,0.00429430091813954,0.00144092219020164,-0.00836120401337803,0.0181399366541894,0.134572072072072,0.22725466825586,-0.00356506238859178,-0.0203709837694601,-0.064121699196326,0.0174054936089201,-0.0180619266055047,0.043956043956044,0.0515239477503628,0.0217875889839649,-0.0151843817787419,-0.0461297888975761,-0.0570998494731562,-0.0426614481409002,-0.0322793148880105,-0.00486883942766292,-0.122327200397812,0.0311784263021795,0.0633724795036561,0.0318083051665861,-0.0457366873570728,0.0157381177211207,-0.0413461538461538,-0.00566801619433199,0.0258414566856722,0.0374524714828897,0.061527057079318
2018-10-01,-0.0694033589798146,-0.248920863309353,-0.0303541315345699,-0.066082202111614,-0.0937965260545904,-0.410488831337002,-0.0746230513672375,-0.0977176669484362,-0.0770410353922591,-0.193263833199679,0.0811678832116789,-0.0180836707152497,-0.0683229813664596,-0.0815622800844475,-0.0270925110132157,-0.0128415300546447,0.00505534269902097,-0.0666394112837286,-0.0592239618788292,-0.202196704942586,0.274220963172805,0.0574622053449882,0.0252135861637841,-0.150979818660427,-0.120849024306744,0.0105361016423924,-0.0842527582748245,-0.0176152923024172,0.0131779471089197,-0.0700018325087045,-0.0230446927374302
2018-11-01,0.0178593817991402,-0.224137931034483,-0.181256038647343,0.0425961441405069,0.0618838992332968,0.169686985172982,0.0231980115990058,0.0163012928611581,-0.0736359407190803,-0.0520212060967529,0.0561706724277613,0.00577240241891142,0.0177777777777779,0.0298061451229792,0.0199230246773827,-0.0279546083587048,-0.150420924445386,0.0328515111695138,-0.0284611673902556,0.0576971214017521,0.0391285015562473,0.0722271156582424,0.151016260162602,0.0314179412980571,0.02803738317757,0.0995604620259634,0.0799561883899231,0.0800139609964661,0.0560077862325252,0.0877504105090312,0.0818441744102931
2018-12-01,-0.0917769557672173,-0.182716049382716,-0.116591928251121,-0.0840352405847614,0.082516761217122,-0.133333333333333,-0.0388663967611336,-0.0536504424778762,-0.0677236530597604,-0.0643131772107655,-0.0675019176681156,-0.0431811970483739,-0.0858806404657932,-0.0688988095238096,-0.122086570477247,-0.106776765375854,-0.124018446964976,-0.127650551314673,-0.0729890764647467,-0.111347769494734,-0.0504920838682071,-0.0580726698262243,-0.034610630407911,-0.0471609886439546,-0.059469696969697,-0.024635121316352,-0.0116632860040569,-0.114603110482731,-0.121491411813992,-0.0652134532938833,-0.0555004955401387
2019-01-01,0.0786844047310369,0.0755287009063443,0.0550360673256747,0.0282211182750238,0.0547879942829921,0.322318526543879,0.235607975287841,0.0779271381258524,0.271565986918046,0.268210683601046,-0.0104195228955305,0.0170427496905645,0.0764331210191083,0.023253955569762,0.0689001264222504,0.0745935607268091,0.185330108138873,0.155566358774915,0.126138189608998,0.144340878828229,-0.0775123929698063,0.00684288206091521,0.0579842692518748,0.0681435782389233,0.198550140958518,0.0358368280594739,0.0205233453052849,0.0846336344556984,0.0311874105865524,-0.0388217815386602,-0.0192374956278419
2019-02-01,0.0297289301431161,0.0730337078651684,0.044821473790833,0.0773026315789473,0.0266485998193315,-0.0360507988529291,0.0884090909090909,0.00325320802457973,-0.0314693778746067,0.0547864506627393,0.0338043779440287,0.0117955439056356,0.0347633136094676,0.099023818820773,0.00827912477823767,-0.00771284485315926,-0.00258087749834945,0.0265039966344132,-0.012604042806183,-0.0459622992785664,0.0420127015144114,0.0348480810234542,0.0364799446749655,0.00879495930690455,0.108198924731183,0.0593485461906513,0.0407239819004523,-0.103562865435578,0.033573806881243,0.0237231182795699,0.0213980028530671
2019-03-01,0.0179242877510783,0.164921465968586,0.0969461948618517,0.0527671755725192,0.10162780466344,0.084572885677858,0.0294424723324285,0.0475589983786706,0.0324918770307425,-0.00418877408545115,0.0385955507906728,-0.0160066617320503,0.00786275911365264,0.0545015277481704,-0.0299120234604106,0.00538116591928239,-0.0239499338067157,-0.0512295081967213,-0.0708092485549134,0.0859860958653496,-0.125175808720112,0.0329663254136887,0.0580483736447039,0.0441769681197139,-0.000303214069132696,0.0274472335620604,0.0855072463768116,0.0247290131856788,0.0230872483221476,-0.000525175605593176,-0.0202513966480448
2019-04-01,0.0393134349421393,0.00898876404494375,0.0565620857269111,0.107314420375238,0.0591054313099042,0.082680250783699,0.101419878296146,0.0128976784178847,0.160251755022997,0.0389792484576557,-0.0227096774193549,0.23366243535496,0.00851063829787235,0.0527628032345013,0.155139056831923,0.150460898007731,0.0725647348951912,0.108423326133909,0.0707620528771384,0.0818733153638813,-0.147374062165059,0.0403914479835441,0.0449314204635032,0.0615614680042369,0.0433727631179861,-0.0979795418040409,-0.0631953716065865,-0.0574228409194981,0.010058602291612,-0.0560919540229885,-0.0438346400570206
2019-05-01,-0.0657777264811615,-0.251670378619154,-0.124215809284818,-0.0494393058852419,-0.209653092006033,-0.0079623597538907,-0.0351749539594843,-0.0713073005093378,-0.0823596912163571,-0.0734143049932523,-0.0496435172960126,-0.0359756097560975,-0.0126582278481013,-0.0173462203162004,-0.0869883806134198,-0.156629620056862,-0.109789044088061,-0.130163678877631,-0.0876301137739047,-0.0786878438700301,-0.22438717787555,0.00940626685039847,-0.0162945081472541,-0.0680284087574103,-0.0691860465116277,-0.0038425492033739,-0.0370546318289787,0.0374562767197824,-0.0648597159681331,-0.0624173683111823,0.0313082370480806
2019-06-01,0.068930183208215,0.214285714285714,0.130372492836676,0.083096529751141,0.154580152671756,0.107989784750091,0.0481007825920976,-0.0206581352833638,0.0874779741942817,0.0699096999708708,0.0511253125868296,0.0575585072738771,0.0961538461538463,0.0756904637832203,0.0551479018573722,0.0766166104811523,0.121133854200297,0.0958781362007168,-0.0339612629344654,0.0668169014084508,0.207455429497569,0.0473646723646726,0.102147239263804,0.103161607255322,0.099625234228607,-0.0444068115532977,0.0814010853478047,0.0136267852961836,0.0620427817390499,0.105462371975657,0.0433682688832671
2019-07-01,0.0131281953660394,0.0269607843137256,0.0764681030840726,0.0172523453649229,0.00743801652892562,0.002634178465591,0.0103806228373702,0.125630016800448,0.00637675099310053,-0.120609855703784,-0.0224689399947132,0.0304276315789476,0.0363872644574399,0.0256751846917767,0.0448766706508748,0.0250498149729574,0.0759085411507228,0.0580539656582175,0.0752540510848669,-0.0141529362061682,0.0812080536912752,0.0147342173863765,0.129557472863902,0.027460607444622,0.0426015336552117,-0.0166387712907354,-0.061131386861314,0.0205118728633467,-0.0650449036533263,0.0124874118831824,-0.103567717353654
2019-08-01,-0.0180916527422678,-0.00715990453460624,-0.0164835164835165,0.0150058616647128,-0.025430680885972,0.0328407224958949,-0.056056236481615,-0.0233830845771144,-0.0440947335618572,-0.0904024767801858,0.0524607896160088,-0.0401944424290794,0.0357366771159875,0.0172983823355768,-0.052932612312812,-0.0688697584004443,-0.0678764520100638,-0.103168469860896,-0.110344827586207,-0.0485322476965931,-0.0664183736809435,0.0398749022673963,0.0236540593815449,0.0665666499972217,-0.0182511577226914,0.0426511814177013,0.097181729834791,-0.0602987777274785,-0.00690105380956829,0.126052649028579,-0.0761205564142194
2019-09-01,0.0171811676906568,0.0384615384615385,0.073024740622506,0.00854700854700852,-0.013888888888889,-0.0782193958664548,-0.0305518426580103,0.0259806418746815,-0.0408584623743549,-0.0891763104152484,0.0377697841726619,-0.0505707158515383,0.0732445520581115,-0.0486913121699264,0.0712638629625564,0.0283328362660302,0.0163096537070004,0.0672124084446359,0.092736146999713,-0.0226325864204482,0.0678191489361701,-0.0149301825993555,-0.0843663497412445,0.0242771555092474,-0.032741398446171,-0.010082581140772,-0.00797165633303809,-0.0669139608825514,0.00788806460700542,-0.0724296313743963,0.0108741112505228
2019-10-01,0.0204317474821449,0.155092592592593,0.110635924135366,0.0311497938616583,0.0606060606060608,0.170403587443946,-0.0259996060665747,0.0335981463091692,0.0761910156913839,0.0739910313901344,0.0121317157712306,-0.00302547770700634,0.0355329949238579,0.0397755002440214,0.0700082000820008,0.0872969837587008,0.0296660450923885,0.0718611223253938,-0.0265370467682607,0.0233870967741936,0.306973848069739,-0.0839057899901864,-0.0436382754994742,0.0109862163674279,-0.09552495697074,0.01901251333786,0.0683035714285716,0.162837523878362,0.0205907015745832,0.102018791264601,0.0678527099710384
2019-11-01,0.0340470640909152,0.0801603206412824,0.0775154863552654,0.0595290981785872,0.0796780684104625,0.153846153846154,0.14479271991911,0.0357085668534829,0.0521107484998422,0.094989561586639,-0.00366927592955002,0.166666666666667,-0.0288671023965142,0.0333255104435579,0.0546987259316025,0.0746865830888237,0.0431895510920866,0.0655367231638417,0.220512820512821,0.0136215242598223,0.0481181515007147,-0.0049395941200977,0.0153930731170973,-0.0599688081702471,0.0114176974310181,0.0356972870061876,0.0167154199749269,0.10749012120943,0.0484754427606353,0.108013134397143,0.0135606354126308
2019-12-01,0.0285898031824463,0.085343228200371,0.0988191423244251,0.0417190775681342,0.00969064480059645,0.171392081736909,-0.00264970853206148,0.0245825602968459,0.0179107464478687,0.0282809024467747,0.0191505033145103,-0.040112259566021,0.0454290521592822,0.0183965478083126,0.0580381471389646,0.0330106726234798,0.0387711084223263,0.0629197596323789,-0.039141972578505,0.0260995113282985,0.267727272727273,0.0160885167464115,0.0291012452625881,-0.00331816965480336,0.0166196299780497,0.120036764705882,0.030826140567201,0.0544820397690826,0.0609490639965171,0.0270354580430487,0.0172018348623852
2020-01-01,-0.00162808981112927,0.00512820512820511,0.0540158371040724,0.0794257731267189,-0.0343300110741971,0.0248582642825992,0.198193411264612,0.0725818620793723,-0.0162685540155313,0.0664400494437576,-0.0219224283305227,-0.0437138985951651,-0.0198497854077254,0.0588760035682425,-0.0444673362520387,0.0290725612686209,0.0340322090549985,-0.0678417026937146,-0.0423475258918298,0.0871306418443554,0.555037647902474,0.0827594325740184,-0.03511771669078,0.0445148472319177,-0.0706354102405923,0.0624487116363039,0.0510366826156301,-0.0732616051400981,0.0205990972507182,-0.103776450339172,-0.0398346486283352
2020-02-01,-0.0841104690096481,0.142857142857143,-0.114703514891334,-0.0456777080355478,-0.106651376146789,-0.032340425531915,-0.0359201773835921,-0.066122678671919,-0.0467649263052711,0.0692552883222255,-0.0886699507389163,-0.149366144668158,-0.064039408866995,-0.0851411120471777,-0.122720330608211,-0.138454354424469,-0.150406504065041,-0.132001427042455,-0.101898582071617,-0.0622262046993229,0.0267465990315887,-0.0868170698559391,-0.0711559432933478,-0.0449825210775242,0.0371722535678727,-0.0920676604618831,-0.0443854324734445,-0.0642024942566458,-0.0908652299774847,-0.0689674649796655,-0.102544031311155
2020-03-01,-0.125119320835957,-0.0238095238095238,-0.0697075314441581,-0.0265042979942693,-0.115532734274711,0,-0.121128488193806,-0.131816812292859,-0.133340321819802,0.0176151761517616,-0.00810810810810803,-0.178925221355308,-0.172514619883041,-0.113553956834532,-0.224679979518689,-0.244986449864499,-0.230010952902519,-0.250308261405672,-0.175006689858175,0.0350355664083235,-0.215584998877162,-0.148470055959043,-0.161725858526563,-0.137158852344297,-0.13248,0.0997873245427479,0.0500198491464867,-0.0176230765858577,-0.0249425084026181,0.0149851362009343,-0.0231138246838204
2020-04-01,0.126844102933154,0.108231707317073,0.1552370092849,0.136263295203693,0.145621673923561,0.15193491644679,0.22662247034194,0.159812597605414,0.227275476262474,0.118242343541944,0.0809264305177111,0.119581464872945,0.0699646643109542,0.109206596545903,0.0747589486197333,0.17013639626705,0.186493973197574,0.132675438596491,0.121959130716834,0.26884808698328,0.492413398225022,0.134368008948546,0.167016806722689,0.177366024081353,0.3253412025083,0.114789603960396,0.0521739130434782,0.172787719219956,0.144230769230769,0.180035863717872,0.175
2020-05-01,0.0452817750126184,0.214580467675378,0.0851663846587702,0.0254327092900035,0.0722128378378379,0.0269135331170069,0.103541459251885,0.0595451825254336,0.0995417138914896,-0.000476303881876694,-0.00126039828585844,0.0845889757772269,0.0132100396301189,0.0942987590728166,0.0162221949121297,0.120858895705521,0.0779909136799597,0.00338818973862542,-0.043076033535704,-0.0127728375101051,0.0679071551889507,0,0.0222022202220222,0.130351844001696,0.147509045365989,-0.00624479600333061,0.0409629895795904,0.0423119363798943,-0.00174409386396068,-0.0332793030088137,0.00531914893617014
2020-06-01,0.0183884032835027,0.0702151755379388,0.147349272349272,0.110517855092433,0.0949192595510044,-0.0221189591078067,0.0440778450831294,-0.0107314317989268,0.00878411688253489,0.0841076959733142,-0.0391216557294295,-0.0493273542600897,-0.0208604954367666,-0.0106445573682802,-0.0333776756560648,0.0927750410509032,0.00573636150784362,-0.00868306801736607,-0.0604229607250756,0.129544710121192,0.293156098437219,-0.00992234685073334,-0.056354564132668,0.0141571348209264,0.15158864904196,0.0733836056416701,-0.00690369347600961,-0.0282918993903551,-0.0546378653113088,0.0267749541524758,-0.143613000755858
2020-07-01,0.0551012969754443,0.118518518518519,0.165118912797282,0.0073928552964897,0.00359712230215825,0.471773427105113,0.0843105789408716,0.0491007707679132,0.117153138744502,0.0745054945054946,0.0541108484370896,0.0486496485386607,0.00133155792276951,-0.0143274221453288,0.0374077317652945,0.0190333082895067,0.00174601326970092,0.0476885644768856,-0.017363344051447,0.147092938958968,0.324906236977358,0.0531590413943355,0.0399688958009332,0.0598132569104188,0.0539174389216512,-0.0845638457035062,-0.00208550573514077,0.0265234052145165,0.0365423387096773,0.037354562155542,0.188437775816417
2020-08-01,0.0700646873242192,0.25922421948912,0.216660186625194,0.102740429025967,0.0956989247311828,0.172930388738215,0.0974499089253187,0.101904761904762,0.155849836952199,0.0832481079975456,0.0311487665088463,0.127712118539425,0.00797872340425543,0.115078712083813,0.0366618427399903,0.0693044974195134,0.041134092493609,0.0343706456107755,0.0775523560209423,0.0905011691840993,0.741560075487524,0.105502689284237,0.109615672199791,0.0736653872993718,-0.00599520383693042,-0.00781638598735168,0.0184604667363286,0.0322793148880105,0.0594861820244752,0.0423061786698149,-0.0181953212031192
2020-09-01,-0.0392279540954944,0.0120210368144253,-0.102580490532875,-0.0673864482501861,0.0592083742230947,-0.0972252807751597,0.00622406639004147,-0.10062970737128,-0.106760708756236,-0.0558912386706949,0.00386660222329627,-0.0591271703425622,-0.0435356200527705,-0.0567170052634168,-0.0390879478827362,-0.0749253045276947,-0.0190290178571428,-0.0574764256847777,0.019738839963559,-0.087568820631701,-0.13912467641924,0.0279619332763046,0.0172506738544476,-0.0205955234187756,-0.048854041013269,-0.00250662465086293,0.0512995896032831,0.00163085868254975,-0.0295265050103265,0.00330375684349637,-0.0287443267776097
2020-10-01,-0.0276657746060065,-0.0734966592427617,-0.0600017804682631,-0.037375249500998,-0.0404570722668315,-0.0817172825954383,0.0258762886597939,0.102965403624382,0.00462214005084349,-0.0486,-0.0317766008666346,-0.0227763923524522,-0.0296551724137931,-0.0913120567375886,0.0278450363196128,0.00322981366459629,-0.059389043745378,-0.0161981896141019,0.134603930911257,-0.0357596544715447,-0.0954545454545455,-0.0295938003848755,0.0120561738208798,-0.0396101202820406,-0.0858169520186007,-0.118681792073521,-0.0797007156798959,-0.0212728302421067,-0.0790573027508473,-0.146438987675228,-0.0330996884735203
2020-11-01,0.107545658050863,0.0689102564102564,0.0954635855668151,0.060079829972526,0.148696491792726,0.230707929339886,0.0743643854888956,0.0862584017923822,0.0526800092017483,0.0315324784528064,0.0599204375932374,0.220738346376318,0.0646766169154229,0.159368723098996,0.202355712603062,0.284299157999009,0.219776232234654,0.187893462469734,0.191076115485564,0.043409525064225,0.462698105914186,0.0269053489119948,0.13247807304621,0.0401209242064349,0.0619653179190751,0.122199592668024,0.0509013785790031,0.102238617048208,0.062478603218076,0.030476715348581,0.149416028997181
2020-12-01,0.0371214066594323,-0.025487256371814,0.114636465807902,0.0389731051344744,0.099467637993836,-0.0102525361536802,0.0297446450285288,-0.00504182422367361,-0.0137674825174826,0.101895251681272,-0.0274454609429979,0.224095881820082,0,0.0398475398475397,0.0779780564263324,0.108368684920941,0.149933065595716,0.0831634732980024,0.0874834728955487,0.0280934343434343,0.24323467230444,-0.013152400835073,0.0914345162408969,-0.0372861650888556,-0.00348356194208566,0.159201451905626,0.0403632694248235,0.0463941203491045,0.0878040921540195,0.0354583377901381,-0.0388927820602663
2021-01-01,-0.0111366401584636,-0.00461538461538469,-0.00550686418987056,0.0429237068762649,0.0290519877675841,-0.0661868934685421,-0.0132618766463803,0.0477945410572382,-0.0542876135608242,-0.0153504716108748,-0.05812831644959,-0.0718392440371149,0.0186915887850467,-0.116484981196744,0.0199018538713196,-0.0167014613778704,0.028284396154012,-0.0218291305984193,-0.0283687943262411,-0.0155971753147067,0.124521724343168,-0.0314152739581131,-0.0950010590976488,0.0195807815060811,0.124535722088704,0.231776052104208,-0.00355641771742643,-0.0487583092938668,0.0365817535545023,0.050100717938123,-0.014218009478673
2021-02-01,0.0260914749719998,0.0556414219474499,-0.079706754016534,0.00410668351459909,0.0428429915799899,-0.0131947687996263,-0.0178587867071711,0.109584524071224,-0.00273352077475786,0.0120210368144253,0.00998719590268893,0.124133701318614,-0.0255570117955439,0.100754310344828,0.143722712287267,0.146496815286624,0.178120675919326,0.170834936514044,0.201459854014598,-0.0353065934751419,-0.148727836376697,-0.00207491536529425,0.120538326506729,-0.0460659898477158,0.00155430347775409,-0.0106766993746504,0.0236859182349125,-0.00408741800441703,-0.0225746535219317,-0.0614824652009247,-0.0669378698224852
2021-03-01,0.0424386340081078,-0.0263543191800878,0.00728813559322039,0.0146067415730338,-0.00546188553787696,-0.0711158442787836,-0.0625175742806261,0.0156513125309559,0.143276685723236,-0.0317371937639198,0.0514705882352942,-0.0239511157182606,0.0854068594485542,-0.00313264806656888,0.034434403240885,0.0103395061728395,0.0275830159803538,0.120276043378245,0.0560666550946016,0.00032331070158409,-0.0112359550561798,0.087327642810243,0.0114882506527414,0.188949492261984,0.0855480116391854,-0.0881854154889768,-0.0402535657686213,0.123920166815609,0.0371290746966819,0.106231329594885,0.0816488307570353
2021-04-01,0.0524253125558474,0.12406015037594,0.0762241292276629,0.0695902547065339,-0.0159980897803248,0.0397452229299364,0.0124975004998999,0.165024870769531,0.103709285200534,-0.0157178455050796,0.00458162527128048,0.00816098378982666,0.0613382899628252,0.103113031523127,0.0163428227142641,0.0675118374828165,0.0655998891659739,0.0475212672337928,0.0800460223537145,0.120685197155785,0.0621631333093784,0.0532910628019323,0.047805885389778,0.0603461136804415,-0.0889921372408864,-0.0216986980781153,0.0967635402906208,0.0718555820596638,-0.00986610288935874,-0.036858063293538,0.0666910956394284
2021-05-01,0.00548650258181316,0.0822742474916389,-0.0505003126954348,-0.00762030978215855,0.035428294103373,-0.018867924528302,-0.064086106448109,0.000586019254918302,0.0112335143522111,-0.0208373904576437,-0.0225636101776283,-0.0396429363495232,-0.063047285464098,-0.0253716727499331,0.0678028899592442,0.101731292030333,0.0712474809855033,0.0459255110613275,0.0517425049459748,-0.0704850896925651,-0.118699255751015,-0.00382208207921275,-0.0013795821836815,-0.0147027787548365,0.0943507257748137,0.0977071091139532,0.0671484492622703,0.0328873258785063,0.0466192170818507,-9.83767830792237e-05,0.0120233596702164
2021-06-01,0.0222139763231695,0.23176761433869,0.0991272847027829,0.0849678657874968,0.0173423951253806,0.172952047952048,0.159632833931209,0.0393239625167336,0.057722404639887,0.0505171042163881,-0.00810412573673869,-0.0161076150337741,-0.0224299065420561,0.0286810376324442,-0.0530187369882026,0.00805194805194809,0.0201771952181566,-0.0232931726907631,-0.0140355954275792,0.0673906298479676,0.0871359339762967,-0.0124214665963264,-0.018156700217091,0.00517635299157493,0.153432514787596,0.149050068227144,0.0615124153498872,-0.0242857902856839,-0.0266575994559675,0.0243998425816607,0.0112016293279023
2021-07-01,0.0227481093659105,-0.0250878073256398,0.0650187265917603,0.0517347488268327,0.0179682100898411,0.130522729692324,0.0697843690292057,0.0790532925454837,0.0247185795520481,-0.0200681560015146,0.00668482297598416,0.00140828541251037,-0.00127469725940088,0.0537648730243296,-0.0185402315696908,0.0544962638495232,-0.0122535169378104,-0.0696271929824561,-0.0667742882301144,-0.0327306551944654,0.0110341174912831,0.0507478632478633,0.0860301507537689,0.0291934510068546,-0.0285936285936286,0.060929935142048,0.105528973950027,0.029415773833865,0.0452735275623559,-0.00907606607760281,0.103054716347768
2021-08-01,0.0289903213916811,0.148224395265054,0.042481361654241,0.0615879749844566,0.0244399185336051,0.0426593841227987,0.0948290525599591,0.0757236645777379,0.0647791619479048,0.099690880989181,-0.0140186915887849,0.0300011719207782,-0.0223356732610083,-0.0689277438382135,0.0538340924363472,0.0880879657910814,0.108397819999398,0.0883912787271657,0.0746972794464538,0.0430340185118403,0.0705897760509888,-0.0162684290798171,-0.028687766055895,-0.00614237896407754,0.127659574468085,0.064146719476494,0.0853570569848521,0.00982521186440666,0.0113628768130472,-0.0590743881754301,0.0760803408399269
2021-09-01,-0.0475691404211663,-0.0744060959211116,-0.0680744838753204,-0.0661108623006167,-0.0176717472940138,-0.0706286127167629,-0.033247883166317,-0.0838477009501353,-0.105403105722187,0.0722066057624737,-0.0179595909204292,-0.0669018090795311,-0.0150130548302873,-0.0276935607946062,0.0233810401020265,-0.068156299124186,-0.0857895737687105,0.0219274499187874,-0.000146327187591555,-0.053532326841074,0.0540287065731528,0.0153629316420014,-0.0610708841463414,0.0114926565049824,-0.0920697971343453,-0.105469698195647,-0.0394328754984493,-0.058036767984055,-0.0671469169255171,-0.0571178409559127,-0.0664592760180995
2021-10-01,0.0691438733012346,0.233898305084746,0.0587128067762255,0.176257931238011,0.0964695300202383,0.168415937803693,0.121333869023704,0.112566237698713,-0.0466353584591607,0.131083073898083,-0.0071120142240283,-0.000609681746128632,-0.0410868124585818,-0.0492856145576395,0.0441705898643034,0.0635016267020123,0.0934240632335901,0.125562913907285,0.126152495243671,0.0266057838660578,0.436535262485976,0.018415694984268,-0.0384576357179096,0.132466016751339,0.10125,0.102618606123649,0.146909594095941,0.178434211258979,0.00850159404888418,-0.0267110941170043,0.0169645561950924
2021-11-01,-0.00833373141847149,0.278257456828885,0.105032822757112,-0.00125446904597637,0.0414273995077934,0.317225318140231,-0.0717305625223935,-0.0391916717697489,0.00277474668745126,-0.0701144429957989,-0.051419800460476,-0.142935578330893,-0.0960608154803041,-0.0834149206970825,-0.0651107280201564,-0.0774983004758668,-0.078294426176047,-0.069192751235585,-0.0544509421702404,0.0399122286798719,0.0276304096087039,0.00168105406633345,0.0380962431405656,0.0776575429662634,-0.118473325766175,-0.0232157506152585,-0.0299617936859038,-0.0352729935974674,-0.0363891815946611,-0.0309799079582446,0.239201668156092
2021-12-01,0.0436128749726299,-0.0997850782929076,0.0742574257425743,0.0173020159517681,0.209334383615597,-0.0913683147060681,0.00216149451906755,0.0156504496848664,0.0366247979107077,-0.0615360648076023,0.0337108953613807,0.0689728806320735,0.0779816513761467,0.1184041871395,-0.00304964539007102,0.0352493244902974,0.00940559028187282,0.00530973451327443,0.0867234744365033,-0.0492158540062732,-0.0768626012212059,0.095931419240713,0.0668903120870183,0.0402216409304419,-0.01432480283277,0.113630637440161,0.0485074626865671,0.134054954204829,0.0971057811474814,0.131182671145604,0.0990384615384614
